{"__Version":"0.1","App":"c928d15f-f691-482b-9a67-f1f507be15fc","Test_7F478737223C4B69":"a857de36-f72c-462b-87fb-2a57c81e842f","Host":"63630cba-8df4-4af7-bddf-fa0f1dc51ee9","FormInstrutores":"a026b588-8810-4c98-84aa-61aa54d3b1f1","lblTituloPrincipal":"079124a4-62d2-4d96-b02a-feef838307f0","lblCampoNome":"89283f12-ef3e-43e3-9d68-d6f5b74fdfbf","lblCampoNivel":"8cbdf9f9-a4b5-4c90-af24-29ae9f721e29","lblBotaoAdd":"16f5376e-2053-4f41-8abe-6558bc1e456f","btnAdicionarInstrutor":"df82cbe1-ea8c-4598-8a8a-3ce48bd2eb79","galInstrutores":"efd5bf15-b960-4d31-8b26-b86f65aa20e3","galleryTemplate1":"c3c9c5e3-cd90-4894-a794-6641a14f034b","btnExcluirInstrutor":"85496ea4-a9fe-46d2-b04a-9e6dea8af3ef","Rectangle2":"17d77f18-8b2d-465e-97bf-f01e8a89c0d8","CampoNome":"82971823-d28d-4bae-8a2d-a50a11095e33","CampoNivel":"5d84e13a-57f8-4e38-b068-bded87eae7f4","Separator2":"bee45b6c-d655-432a-b57f-d41da4d3b26e","FormInstrutoresAdd":"fb21ae1e-8bf0-4779-9a61-0d4fda186ac2","lblTituloPrincipalAdd":"8a794dcc-5fc2-489f-a2dc-c0c9c9344e6e","cmbInstrutores":"2563fbf3-6f79-4380-b766-1f536c96b0dd","lblNivelInstrutores":"6e1e1feb-121b-4e95-84c7-4dff44d1b5b8","btnCancelar":"707a49a8-2de0-4aae-9191-70b7f229a643","btnSalvar":"27bbe19d-a5be-4f20-9fa5-97693d236bad","FormInstrutoresExclusao":"f90402ef-d96f-4e66-a816-771fec97ae51","lblTituloPrincipalExclusao":"326628a0-5cb7-4251-a828-ec3198c7baf8","lblInformacoes":"027c50f9-7273-40fe-b6da-3e1458a4f85b","lblInstrutorExcluir":"2399d9a1-ae7b-4b46-ba21-68b0b771e2c6","lblNivelInstrutorExclusao":"a2a487a0-a628-43ac-acac-6db79ec7eb70","btnExclusao":"5a97f430-9ab7-479b-84bd-ffeb61c51643","btnCancelarExc":"122f9062-2561-4829-beff-2b38887a4b73","ModelDrivenFormIntegration":"574cb776-50e7-4820-bc0b-8e6c2d984ae3"}